[{"model": "admin.logentry", "pk": 8, "fields": {"action_time": "2021-04-07T15:50:03.281Z", "user": 3, "content_type": 4, "object_id": "1", "object_repr": "gitpod", "action_flag": 3, "change_message": ""}}, {"model": "admin.logentry", "pk": 9, "fields": {"action_time": "2021-04-07T15:50:03.311Z", "user": 3, "content_type": 4, "object_id": "4", "object_repr": "test", "action_flag": 3, "change_message": ""}}, {"model": "admin.logentry", "pk": 10, "fields": {"action_time": "2021-04-21T12:10:49.871Z", "user": 3, "content_type": 13, "object_id": "10", "object_repr": "portraits", "action_flag": 1, "change_message": "[{\"added\": {}}]"}}, {"model": "admin.logentry", "pk": 11, "fields": {"action_time": "2021-04-21T12:11:01.214Z", "user": 3, "content_type": 13, "object_id": "11", "object_repr": "Landscape", "action_flag": 1, "change_message": "[{\"added\": {}}]"}}, {"model": "admin.logentry", "pk": 12, "fields": {"action_time": "2021-04-21T12:11:11.228Z", "user": 3, "content_type": 13, "object_id": "12", "object_repr": "B+W", "action_flag": 1, "change_message": "[{\"added\": {}}]"}}, {"model": "admin.logentry", "pk": 13, "fields": {"action_time": "2021-04-21T12:11:18.918Z", "user": 3, "content_type": 13, "object_id": "13", "object_repr": "Collage", "action_flag": 1, "change_message": "[{\"added\": {}}]"}}, {"model": "admin.logentry", "pk": 14, "fields": {"action_time": "2021-04-21T12:11:26.806Z", "user": 3, "content_type": 13, "object_id": "14", "object_repr": "Urban", "action_flag": 1, "change_message": "[{\"added\": {}}]"}}, {"model": "admin.logentry", "pk": 15, "fields": {"action_time": "2021-04-21T12:11:38.258Z", "user": 3, "content_type": 13, "object_id": "15", "object_repr": "New Collection", "action_flag": 1, "change_message": "[{\"added\": {}}]"}}, {"model": "admin.logentry", "pk": 16, "fields": {"action_time": "2021-04-21T12:22:03.802Z", "user": 3, "content_type": 14, "object_id": "178", "object_repr": "Chesterfield", "action_flag": 1, "change_message": "[{\"added\": {}}]"}}, {"model": "admin.logentry", "pk": 17, "fields": {"action_time": "2021-04-21T13:08:00.087Z", "user": 3, "content_type": 14, "object_id": "176", "object_repr": "test product", "action_flag": 3, "change_message": ""}}, {"model": "admin.logentry", "pk": 18, "fields": {"action_time": "2021-04-21T13:08:00.111Z", "user": 3, "content_type": 14, "object_id": "175", "object_repr": "test product", "action_flag": 3, "change_message": ""}}, {"model": "admin.logentry", "pk": 19, "fields": {"action_time": "2021-04-21T13:19:36.532Z", "user": 3, "content_type": 14, "object_id": "179", "object_repr": "Clouds", "action_flag": 1, "change_message": "[{\"added\": {}}]"}}, {"model": "admin.logentry", "pk": 20, "fields": {"action_time": "2021-04-22T15:12:25.382Z", "user": 3, "content_type": 14, "object_id": "180", "object_repr": "Clouds", "action_flag": 1, "change_message": "[{\"added\": {}}]"}}, {"model": "admin.logentry", "pk": 21, "fields": {"action_time": "2021-04-22T15:12:53.089Z", "user": 3, "content_type": 14, "object_id": "180", "object_repr": "Clouds", "action_flag": 3, "change_message": ""}}, {"model": "admin.logentry", "pk": 22, "fields": {"action_time": "2021-04-22T15:13:52.861Z", "user": 3, "content_type": 14, "object_id": "181", "object_repr": "Escape", "action_flag": 1, "change_message": "[{\"added\": {}}]"}}, {"model": "admin.logentry", "pk": 23, "fields": {"action_time": "2021-04-22T15:14:46.845Z", "user": 3, "content_type": 14, "object_id": "182", "object_repr": "Dream", "action_flag": 1, "change_message": "[{\"added\": {}}]"}}, {"model": "admin.logentry", "pk": 24, "fields": {"action_time": "2021-04-22T15:16:33.132Z", "user": 3, "content_type": 14, "object_id": "183", "object_repr": "Middle", "action_flag": 1, "change_message": "[{\"added\": {}}]"}}, {"model": "admin.logentry", "pk": 25, "fields": {"action_time": "2021-04-22T15:19:21.570Z", "user": 3, "content_type": 14, "object_id": "184", "object_repr": "Shoes", "action_flag": 1, "change_message": "[{\"added\": {}}]"}}, {"model": "admin.logentry", "pk": 26, "fields": {"action_time": "2021-04-22T15:21:26.054Z", "user": 3, "content_type": 14, "object_id": "174", "object_repr": "St. John's Bay Ikat Sharkbite Tank Top", "action_flag": 3, "change_message": ""}}, {"model": "admin.logentry", "pk": 27, "fields": {"action_time": "2021-04-22T15:21:26.105Z", "user": 3, "content_type": 14, "object_id": "173", "object_repr": "Alyx Printed Maxi Skirt", "action_flag": 3, "change_message": ""}}, {"model": "admin.logentry", "pk": 28, "fields": {"action_time": "2021-04-22T15:21:26.158Z", "user": 3, "content_type": 14, "object_id": "172", "object_repr": "Stylus Flare Jeans", "action_flag": 3, "change_message": ""}}, {"model": "admin.logentry", "pk": 29, "fields": {"action_time": "2021-04-22T15:21:26.243Z", "user": 3, "content_type": 14, "object_id": "171", "object_repr": "by&by Spaghetti Strap Crochet Inset Waist Dress", "action_flag": 3, "change_message": ""}}, {"model": "admin.logentry", "pk": 30, "fields": {"action_time": "2021-04-22T15:21:26.295Z", "user": 3, "content_type": 14, "object_id": "170", "object_repr": "City Triangles Sleeveless Lace Top Printed Short Belted Romper", "action_flag": 3, "change_message": ""}}, {"model": "admin.logentry", "pk": 31, "fields": {"action_time": "2021-04-22T15:21:26.373Z", "user": 3, "content_type": 14, "object_id": "169", "object_repr": "MaryJane's Home Cotton Clouds Square Decorative Pillow", "action_flag": 3, "change_message": ""}}, {"model": "admin.logentry", "pk": 32, "fields": {"action_time": "2021-04-22T15:21:26.423Z", "user": 3, "content_type": 14, "object_id": "168", "object_repr": "Danny & Nicole Sleeveless Printed Fit-and-Flare Dress - Plus", "action_flag": 3, "change_message": ""}}, {"model": "admin.logentry", "pk": 33, "fields": {"action_time": "2021-04-22T15:21:26.475Z", "user": 3, "content_type": 14, "object_id": "167", "object_repr": "Studio 1 Sleeveless Embellished-Neck Handkerchief Dress - Plus", "action_flag": 3, "change_message": ""}}, {"model": "admin.logentry", "pk": 34, "fields": {"action_time": "2021-04-22T15:21:26.523Z", "user": 3, "content_type": 14, "object_id": "166", "object_repr": "Steve Harvey Linen Blend Vest - Big & Tall", "action_flag": 3, "change_message": ""}}, {"model": "admin.logentry", "pk": 35, "fields": {"action_time": "2021-04-22T15:21:26.569Z", "user": 3, "content_type": 14, "object_id": "165", "object_repr": "Worthington Mixed Media Open Back Blouse - Plus", "action_flag": 3, "change_message": ""}}, {"model": "admin.logentry", "pk": 36, "fields": {"action_time": "2021-04-22T15:21:26.612Z", "user": 3, "content_type": 14, "object_id": "164", "object_repr": "Liz Claiborne Roll-Cuff Cargo Shorts", "action_flag": 3, "change_message": ""}}, {"model": "admin.logentry", "pk": 37, "fields": {"action_time": "2021-04-22T15:21:26.646Z", "user": 3, "content_type": 14, "object_id": "163", "object_repr": "i jeans by Buffalo Lace Midi Skirt", "action_flag": 3, "change_message": ""}}, {"model": "admin.logentry", "pk": 38, "fields": {"action_time": "2021-04-22T15:21:26.672Z", "user": 3, "content_type": 14, "object_id": "162", "object_repr": "a.n.a Sleeveless Cinched Waist Knit Jumpsuit", "action_flag": 3, "change_message": ""}}, {"model": "admin.logentry", "pk": 39, "fields": {"action_time": "2021-04-22T15:21:26.702Z", "user": 3, "content_type": 14, "object_id": "161", "object_repr": "Arizona Poplin Cargo Shorts - Boys 8-20", "action_flag": 3, "change_message": ""}}, {"model": "admin.logentry", "pk": 40, "fields": {"action_time": "2021-04-22T15:21:26.729Z", "user": 3, "content_type": 14, "object_id": "160", "object_repr": "Worthington Slim-Fit Cropped Pants", "action_flag": 3, "change_message": ""}}, {"model": "admin.logentry", "pk": 41, "fields": {"action_time": "2021-04-22T15:21:26.760Z", "user": 3, "content_type": 14, "object_id": "159", "object_repr": "Made for Life Mesh Shorts - Tall", "action_flag": 3, "change_message": ""}}, {"model": "admin.logentry", "pk": 42, "fields": {"action_time": "2021-04-22T15:21:26.782Z", "user": 3, "content_type": 14, "object_id": "158", "object_repr": "Worthington Embroidered Tank Top - Tall", "action_flag": 3, "change_message": ""}}, {"model": "admin.logentry", "pk": 43, "fields": {"action_time": "2021-04-22T15:21:26.805Z", "user": 3, "content_type": 14, "object_id": "157", "object_repr": "Arizona Flex Skinny Jeans", "action_flag": 3, "change_message": ""}}, {"model": "admin.logentry", "pk": 44, "fields": {"action_time": "2021-04-22T15:21:26.829Z", "user": 3, "content_type": 14, "object_id": "156", "object_repr": "Graham & Co. Dress Shirt, Tie and Pre-Tied Bow Tie", "action_flag": 3, "change_message": ""}}, {"model": "admin.logentry", "pk": 45, "fields": {"action_time": "2021-04-22T15:21:26.852Z", "user": 3, "content_type": 14, "object_id": "155", "object_repr": "Stylus Long-Sleeve Back-Pleat Oversized Shirt- Petite", "action_flag": 3, "change_message": ""}}, {"model": "admin.logentry", "pk": 46, "fields": {"action_time": "2021-04-22T15:21:26.874Z", "user": 3, "content_type": 14, "object_id": "154", "object_repr": "Dockers Signature Classic-Fit Flat-Front Pants", "action_flag": 3, "change_message": ""}}, {"model": "admin.logentry", "pk": 47, "fields": {"action_time": "2021-04-22T15:21:26.895Z", "user": 3, "content_type": 14, "object_id": "153", "object_repr": "Made For Life Short-Sleeve Print V-Neck Mesh T-Shirt - Tall", "action_flag": 3, "change_message": ""}}, {"model": "admin.logentry", "pk": 48, "fields": {"action_time": "2021-04-22T15:21:26.918Z", "user": 3, "content_type": 14, "object_id": "152", "object_repr": "Arizona Raw-Edge Denim Bermuda Shorts - Juniors Plus", "action_flag": 3, "change_message": ""}}, {"model": "admin.logentry", "pk": 49, "fields": {"action_time": "2021-04-22T15:21:26.940Z", "user": 3, "content_type": 14, "object_id": "151", "object_repr": "Made for Life Secretly Slender Capri Leggings - Plus", "action_flag": 3, "change_message": ""}}, {"model": "admin.logentry", "pk": 50, "fields": {"action_time": "2021-04-22T15:21:26.963Z", "user": 3, "content_type": 14, "object_id": "150", "object_repr": "Carter's Short-Sleeve Shark Tee - Preschool Boys 4-7", "action_flag": 3, "change_message": ""}}, {"model": "admin.logentry", "pk": 51, "fields": {"action_time": "2021-04-22T15:21:26.988Z", "user": 3, "content_type": 14, "object_id": "149", "object_repr": "Stylus Linen Crop Pants", "action_flag": 3, "change_message": ""}}, {"model": "admin.logentry", "pk": 52, "fields": {"action_time": "2021-04-22T15:21:27.012Z", "user": 3, "content_type": 14, "object_id": "148", "object_repr": "Black+Decker Stainless Steel Rapid 2-Slice Toaster", "action_flag": 3, "change_message": ""}}, {"model": "admin.logentry", "pk": 53, "fields": {"action_time": "2021-04-22T15:21:27.035Z", "user": 3, "content_type": 14, "object_id": "147", "object_repr": "Island Shores Short-Sleeve Printed Camp Shirt", "action_flag": 3, "change_message": ""}}, {"model": "admin.logentry", "pk": 54, "fields": {"action_time": "2021-04-22T15:21:27.057Z", "user": 3, "content_type": 14, "object_id": "146", "object_repr": "Rachael Ray 10-pc. Hard-Anodized Cookware Set", "action_flag": 3, "change_message": ""}}, {"model": "admin.logentry", "pk": 55, "fields": {"action_time": "2021-04-22T15:21:27.080Z", "user": 3, "content_type": 14, "object_id": "145", "object_repr": "Presto Pizzazz Plus Rotating Oven", "action_flag": 3, "change_message": ""}}, {"model": "admin.logentry", "pk": 56, "fields": {"action_time": "2021-04-22T15:21:27.106Z", "user": 3, "content_type": 14, "object_id": "144", "object_repr": "Liz Claiborne City-Fit 5-Pocket Flared Cropped Jeans - Tall", "action_flag": 3, "change_message": ""}}, {"model": "admin.logentry", "pk": 57, "fields": {"action_time": "2021-04-22T15:21:27.139Z", "user": 3, "content_type": 14, "object_id": "143", "object_repr": "Arizona Cropped Jeans with Belt - Girls 7-16 and Plus", "action_flag": 3, "change_message": ""}}, {"model": "admin.logentry", "pk": 58, "fields": {"action_time": "2021-04-22T15:21:27.162Z", "user": 3, "content_type": 14, "object_id": "142", "object_repr": "Xersion Mesh-Back Tank Top - Plus", "action_flag": 3, "change_message": ""}}, {"model": "admin.logentry", "pk": 59, "fields": {"action_time": "2021-04-22T15:21:27.184Z", "user": 3, "content_type": 14, "object_id": "139", "object_repr": "Champion Vapor Muscle Tank - Plus", "action_flag": 3, "change_message": ""}}, {"model": "admin.logentry", "pk": 60, "fields": {"action_time": "2021-04-22T15:21:27.211Z", "user": 3, "content_type": 14, "object_id": "138", "object_repr": "Worthington 3/4-Sleeve Open-Front Cardigan Sweater", "action_flag": 3, "change_message": ""}}, {"model": "admin.logentry", "pk": 61, "fields": {"action_time": "2021-04-22T15:21:27.235Z", "user": 3, "content_type": 14, "object_id": "137", "object_repr": "Disney Minnie Mouse Girls Athletic Shoes - Toddler", "action_flag": 3, "change_message": ""}}, {"model": "admin.logentry", "pk": 62, "fields": {"action_time": "2021-04-22T15:21:27.258Z", "user": 3, "content_type": 14, "object_id": "136", "object_repr": "Bounce Comfort Plush Memory Foam Chenille Bath Mats", "action_flag": 3, "change_message": ""}}, {"model": "admin.logentry", "pk": 63, "fields": {"action_time": "2021-04-22T15:21:27.281Z", "user": 3, "content_type": 14, "object_id": "135", "object_repr": "a.n.a Roll-Cuff Skinny Ankle Jeans", "action_flag": 3, "change_message": ""}}, {"model": "admin.logentry", "pk": 64, "fields": {"action_time": "2021-04-22T15:21:27.303Z", "user": 3, "content_type": 14, "object_id": "134", "object_repr": "Stylus Destructed Roll-Cuff Boyfriend Crop Jeans", "action_flag": 3, "change_message": ""}}, {"model": "admin.logentry", "pk": 65, "fields": {"action_time": "2021-04-22T15:21:27.327Z", "user": 3, "content_type": 14, "object_id": "133", "object_repr": "Worthington Tipped Envelope Skirt - Tall", "action_flag": 3, "change_message": ""}}, {"model": "admin.logentry", "pk": 66, "fields": {"action_time": "2021-04-22T15:21:27.361Z", "user": 3, "content_type": 14, "object_id": "132", "object_repr": "Alfred Dunner Essential Pull On Capri Pant", "action_flag": 3, "change_message": ""}}, {"model": "admin.logentry", "pk": 67, "fields": {"action_time": "2021-04-22T15:21:27.384Z", "user": 3, "content_type": 14, "object_id": "131", "object_repr": "St. John's Bay Long-Sleeve Camp Shirt", "action_flag": 3, "change_message": ""}}, {"model": "admin.logentry", "pk": 68, "fields": {"action_time": "2021-04-22T15:21:27.405Z", "user": 3, "content_type": 14, "object_id": "130", "object_repr": "Arizona Racerback Tank - Juniors Plus", "action_flag": 3, "change_message": ""}}, {"model": "admin.logentry", "pk": 69, "fields": {"action_time": "2021-04-22T15:21:27.429Z", "user": 3, "content_type": 14, "object_id": "129", "object_repr": "Mixit Side Flower Jelly Strap Sandals", "action_flag": 3, "change_message": ""}}, {"model": "admin.logentry", "pk": 70, "fields": {"action_time": "2021-04-22T15:21:27.454Z", "user": 3, "content_type": 14, "object_id": "128", "object_repr": "Mixit Whitney Leggings - Tall", "action_flag": 3, "change_message": ""}}, {"model": "admin.logentry", "pk": 71, "fields": {"action_time": "2021-04-22T15:21:27.484Z", "user": 3, "content_type": 14, "object_id": "127", "object_repr": "Levi's 527 Bootcut Jeans - Boys 8-20, Slim and Husky", "action_flag": 3, "change_message": ""}}, {"model": "admin.logentry", "pk": 72, "fields": {"action_time": "2021-04-22T15:21:27.510Z", "user": 3, "content_type": 14, "object_id": "126", "object_repr": "Marmellata Sleeveless Dotted Dress - Preschool Girls 4-6x", "action_flag": 3, "change_message": ""}}, {"model": "admin.logentry", "pk": 73, "fields": {"action_time": "2021-04-22T15:21:27.531Z", "user": 3, "content_type": 14, "object_id": "125", "object_repr": "Stylus Flare Jeans", "action_flag": 3, "change_message": ""}}, {"model": "admin.logentry", "pk": 74, "fields": {"action_time": "2021-04-22T15:21:27.555Z", "user": 3, "content_type": 14, "object_id": "124", "object_repr": "Worthington Short-Sleeve Scoopneck T-Shirt - Tall", "action_flag": 3, "change_message": ""}}, {"model": "admin.logentry", "pk": 75, "fields": {"action_time": "2021-04-22T15:21:27.582Z", "user": 3, "content_type": 14, "object_id": "123", "object_repr": "Alfred Dunner Denim Capris", "action_flag": 3, "change_message": ""}}, {"model": "admin.logentry", "pk": 76, "fields": {"action_time": "2021-04-22T15:21:27.606Z", "user": 3, "content_type": 14, "object_id": "122", "object_repr": "St. John's Bay Short-Sleeve V-Neck T-Shirt", "action_flag": 3, "change_message": ""}}, {"model": "admin.logentry", "pk": 77, "fields": {"action_time": "2021-04-22T15:21:27.628Z", "user": 3, "content_type": 14, "object_id": "121", "object_repr": "Xersion Short-Sleeve V-Neck Graphic Tee - Girls 7-16 and Plus", "action_flag": 3, "change_message": ""}}, {"model": "admin.logentry", "pk": 78, "fields": {"action_time": "2021-04-22T15:21:27.651Z", "user": 3, "content_type": 14, "object_id": "120", "object_repr": "Vans Zone Bluts Short-Sleeve T-Shirt", "action_flag": 3, "change_message": ""}}, {"model": "admin.logentry", "pk": 79, "fields": {"action_time": "2021-04-22T15:21:27.673Z", "user": 3, "content_type": 14, "object_id": "119", "object_repr": "Xersion Colorblock Yoga Shorts - Girls 7-16 and Plus", "action_flag": 3, "change_message": ""}}, {"model": "admin.logentry", "pk": 80, "fields": {"action_time": "2021-04-22T15:21:27.696Z", "user": 3, "content_type": 14, "object_id": "118", "object_repr": "Liz Claiborne Long-Sleeve V-Neck Striped Tunic", "action_flag": 3, "change_message": ""}}, {"model": "admin.logentry", "pk": 81, "fields": {"action_time": "2021-04-22T15:21:27.722Z", "user": 3, "content_type": 14, "object_id": "117", "object_repr": "Clarks Lexi Alloy Slide Strap Sandals", "action_flag": 3, "change_message": ""}}, {"model": "admin.logentry", "pk": 82, "fields": {"action_time": "2021-04-22T15:21:27.744Z", "user": 3, "content_type": 14, "object_id": "116", "object_repr": "Nike Dri-FIT Base Layer Tights", "action_flag": 3, "change_message": ""}}, {"model": "admin.logentry", "pk": 83, "fields": {"action_time": "2021-04-22T15:21:27.766Z", "user": 3, "content_type": 14, "object_id": "115", "object_repr": "Liz Claiborne City-Fit Skinny Jeans - Plus", "action_flag": 3, "change_message": ""}}, {"model": "admin.logentry", "pk": 84, "fields": {"action_time": "2021-04-22T15:21:27.789Z", "user": 3, "content_type": 14, "object_id": "114", "object_repr": "Arizona Pocket T-Shirt", "action_flag": 3, "change_message": ""}}, {"model": "admin.logentry", "pk": 85, "fields": {"action_time": "2021-04-22T15:21:27.818Z", "user": 3, "content_type": 14, "object_id": "113", "object_repr": "Arizona Raglan T-Shirt", "action_flag": 3, "change_message": ""}}, {"model": "admin.logentry", "pk": 86, "fields": {"action_time": "2021-04-22T15:21:27.848Z", "user": 3, "content_type": 14, "object_id": "112", "object_repr": "Diamond 24-pc. Bath Towel Set", "action_flag": 3, "change_message": ""}}, {"model": "admin.logentry", "pk": 87, "fields": {"action_time": "2021-04-22T15:21:27.879Z", "user": 3, "content_type": 14, "object_id": "111", "object_repr": "Bob Marely 1976 T-Shirt", "action_flag": 3, "change_message": ""}}, {"model": "admin.logentry", "pk": 88, "fields": {"action_time": "2021-04-22T15:21:27.902Z", "user": 3, "content_type": 14, "object_id": "110", "object_repr": "Brooklyn Xpress Fleece Jogger Pants", "action_flag": 3, "change_message": ""}}, {"model": "admin.logentry", "pk": 89, "fields": {"action_time": "2021-04-22T15:21:27.928Z", "user": 3, "content_type": 14, "object_id": "109", "object_repr": "Arizona Raglan Henley Tee - Boys 8-20", "action_flag": 3, "change_message": ""}}, {"model": "admin.logentry", "pk": 90, "fields": {"action_time": "2021-04-22T15:21:27.955Z", "user": 3, "content_type": 14, "object_id": "108", "object_repr": "Jamaica Bay Printed Micro Volley Swim Trunks", "action_flag": 3, "change_message": ""}}, {"model": "admin.logentry", "pk": 91, "fields": {"action_time": "2021-04-22T15:21:27.990Z", "user": 3, "content_type": 14, "object_id": "107", "object_repr": "Frank and Lulu Layne Sheet Set", "action_flag": 3, "change_message": ""}}, {"model": "admin.logentry", "pk": 92, "fields": {"action_time": "2021-04-22T15:21:28.020Z", "user": 3, "content_type": 14, "object_id": "106", "object_repr": "Frank and Lulu Holland Park Comforter Set", "action_flag": 3, "change_message": ""}}, {"model": "admin.logentry", "pk": 93, "fields": {"action_time": "2021-04-22T15:21:28.045Z", "user": 3, "content_type": 14, "object_id": "105", "object_repr": "Made For Life Polar Fleece Vest", "action_flag": 3, "change_message": ""}}, {"model": "admin.logentry", "pk": 94, "fields": {"action_time": "2021-04-22T15:21:28.075Z", "user": 3, "content_type": 14, "object_id": "104", "object_repr": "Gloria Vanderbilt Amanda Jeans - Plus", "action_flag": 3, "change_message": ""}}, {"model": "admin.logentry", "pk": 95, "fields": {"action_time": "2021-04-22T15:21:28.100Z", "user": 3, "content_type": 14, "object_id": "103", "object_repr": "Stafford Travel Short-Sleeve Easy-Care Broadcloth Dress Shirt - Big & Tall", "action_flag": 3, "change_message": ""}}, {"model": "admin.logentry", "pk": 96, "fields": {"action_time": "2021-04-22T15:21:28.123Z", "user": 3, "content_type": 14, "object_id": "102", "object_repr": "a.n.a Long-Sleeve Colorblock Sweater", "action_flag": 3, "change_message": ""}}, {"model": "admin.logentry", "pk": 97, "fields": {"action_time": "2021-04-22T15:21:28.145Z", "user": 3, "content_type": 14, "object_id": "101", "object_repr": "Stafford Non-Iron Cotton Oxford Dress Shirt - Big & Tall", "action_flag": 3, "change_message": ""}}, {"model": "admin.logentry", "pk": 98, "fields": {"action_time": "2021-04-22T15:21:28.172Z", "user": 3, "content_type": 14, "object_id": "100", "object_repr": "Stylus Crossover Ankle Pants", "action_flag": 3, "change_message": ""}}, {"model": "admin.logentry", "pk": 99, "fields": {"action_time": "2021-04-22T15:21:28.197Z", "user": 3, "content_type": 14, "object_id": "99", "object_repr": "St. John's Bay Short-Sleeve Polo Shirt - Plus", "action_flag": 3, "change_message": ""}}, {"model": "admin.logentry", "pk": 100, "fields": {"action_time": "2021-04-22T15:21:28.224Z", "user": 3, "content_type": 14, "object_id": "98", "object_repr": "Arlee Jada Plaid Set of 4 Placemats", "action_flag": 3, "change_message": ""}}, {"model": "admin.logentry", "pk": 101, "fields": {"action_time": "2021-04-22T15:21:28.249Z", "user": 3, "content_type": 14, "object_id": "97", "object_repr": "Arizona Quilted Sweatshirt - Toddler Girls 2t-5t", "action_flag": 3, "change_message": ""}}, {"model": "admin.logentry", "pk": 102, "fields": {"action_time": "2021-04-22T15:21:28.271Z", "user": 3, "content_type": 14, "object_id": "96", "object_repr": "Bonnie Jean Plaid Dress and Cardigan - Girls Plus", "action_flag": 3, "change_message": ""}}, {"model": "admin.logentry", "pk": 103, "fields": {"action_time": "2021-04-22T15:21:28.294Z", "user": 3, "content_type": 14, "object_id": "95", "object_repr": "Vieste Green Stone Statement Necklace", "action_flag": 3, "change_message": ""}}, {"model": "admin.logentry", "pk": 104, "fields": {"action_time": "2021-04-22T15:21:28.320Z", "user": 3, "content_type": 14, "object_id": "94", "object_repr": "Arizona Flannel Shirt - Preschool Boys 4-7", "action_flag": 3, "change_message": ""}}, {"model": "admin.logentry", "pk": 105, "fields": {"action_time": "2021-04-22T15:21:28.344Z", "user": 3, "content_type": 14, "object_id": "93", "object_repr": "Stafford Flannel Pajama Set - Big & Tall", "action_flag": 3, "change_message": ""}}, {"model": "admin.logentry", "pk": 106, "fields": {"action_time": "2021-04-22T15:21:28.374Z", "user": 3, "content_type": 14, "object_id": "92", "object_repr": "Made For Life Long-Sleeve Flyaway Cardigan", "action_flag": 3, "change_message": ""}}, {"model": "admin.logentry", "pk": 107, "fields": {"action_time": "2021-04-22T15:21:28.397Z", "user": 3, "content_type": 14, "object_id": "91", "object_repr": "Arizona Raglan-Sleeve Thermal Pullover", "action_flag": 3, "change_message": ""}}, {"model": "admin.logentry", "pk": 108, "fields": {"action_time": "2021-04-22T15:21:28.420Z", "user": 3, "content_type": 14, "object_id": "90", "object_repr": "Stafford Travel Brown Check Suit Jacket - Classic Fit", "action_flag": 3, "change_message": ""}}, {"model": "admin.logentry", "pk": 109, "fields": {"action_time": "2021-04-22T15:21:28.449Z", "user": 3, "content_type": 14, "object_id": "89", "object_repr": "Made For Life Mesh Jacket - Plus", "action_flag": 3, "change_message": ""}}, {"model": "admin.logentry", "pk": 110, "fields": {"action_time": "2021-04-22T15:21:28.471Z", "user": 3, "content_type": 14, "object_id": "88", "object_repr": "Lugz Empire Hi Mens Water-Resistant Hiking Boots", "action_flag": 3, "change_message": ""}}, {"model": "admin.logentry", "pk": 111, "fields": {"action_time": "2021-04-22T15:21:28.494Z", "user": 3, "content_type": 14, "object_id": "87", "object_repr": "Xersion Quick-Dri Performance Bootcut Pant - Short", "action_flag": 3, "change_message": ""}}, {"model": "admin.logentry", "pk": 112, "fields": {"action_time": "2021-04-22T15:21:28.521Z", "user": 3, "content_type": 14, "object_id": "86", "object_repr": "Madison Park Lavinia 6-pc. Quilted Coverlet Set", "action_flag": 3, "change_message": ""}}, {"model": "admin.logentry", "pk": 113, "fields": {"action_time": "2021-04-22T15:21:28.544Z", "user": 3, "content_type": 14, "object_id": "85", "object_repr": "Sunbeam Comfy Toes Microplush Heated Throw", "action_flag": 3, "change_message": ""}}, {"model": "admin.logentry", "pk": 114, "fields": {"action_time": "2021-04-22T15:21:28.568Z", "user": 3, "content_type": 14, "object_id": "84", "object_repr": "Dickies Short-Sleeve Performance Polo", "action_flag": 3, "change_message": ""}}, {"model": "admin.logentry", "pk": 115, "fields": {"action_time": "2021-04-22T15:21:28.591Z", "user": 3, "content_type": 14, "object_id": "83", "object_repr": "Disney Collection Frozen Elsa Graphic Tee - Girls 2-12", "action_flag": 3, "change_message": ""}}, {"model": "admin.logentry", "pk": 116, "fields": {"action_time": "2021-04-22T15:21:28.614Z", "user": 3, "content_type": 14, "object_id": "82", "object_repr": "Nike Therma-FIT Pullover Hoodie - Boys 8-20", "action_flag": 3, "change_message": ""}}, {"model": "admin.logentry", "pk": 117, "fields": {"action_time": "2021-04-22T15:21:28.642Z", "user": 3, "content_type": 14, "object_id": "81", "object_repr": "a.n.a Jeggings - Plus", "action_flag": 3, "change_message": ""}}, {"model": "admin.logentry", "pk": 118, "fields": {"action_time": "2021-04-22T15:21:28.674Z", "user": 3, "content_type": 14, "object_id": "80", "object_repr": "Levi's Houlihan Short-Sleeve Logo Tee", "action_flag": 3, "change_message": ""}}, {"model": "admin.logentry", "pk": 119, "fields": {"action_time": "2021-04-22T15:21:28.726Z", "user": 3, "content_type": 14, "object_id": "79", "object_repr": "a.n.a Bootcut Jeans", "action_flag": 3, "change_message": ""}}, {"model": "admin.logentry", "pk": 120, "fields": {"action_time": "2021-04-22T15:21:52.768Z", "user": 3, "content_type": 14, "object_id": "78", "object_repr": "a.n.a Skinny Jeans", "action_flag": 3, "change_message": ""}}, {"model": "admin.logentry", "pk": 121, "fields": {"action_time": "2021-04-22T15:21:52.813Z", "user": 3, "content_type": 14, "object_id": "77", "object_repr": "Worthington 3/4-Sleeve Button-Front Oxford Shirt - Petite", "action_flag": 3, "change_message": ""}}, {"model": "admin.logentry", "pk": 122, "fields": {"action_time": "2021-04-22T15:21:52.852Z", "user": 3, "content_type": 14, "object_id": "76", "object_repr": "Vanilla Star Embellished Skinny Jeans - Girls 7-16 and Plus", "action_flag": 3, "change_message": ""}}, {"model": "admin.logentry", "pk": 123, "fields": {"action_time": "2021-04-22T15:21:52.895Z", "user": 3, "content_type": 14, "object_id": "75", "object_repr": "Arizona Ankle-Zip Jeggings", "action_flag": 3, "change_message": ""}}, {"model": "admin.logentry", "pk": 124, "fields": {"action_time": "2021-04-22T15:21:52.936Z", "user": 3, "content_type": 14, "object_id": "74", "object_repr": "Love Indigo Cross Back Flap Pocket Jeans", "action_flag": 3, "change_message": ""}}, {"model": "admin.logentry", "pk": 125, "fields": {"action_time": "2021-04-22T15:21:52.978Z", "user": 3, "content_type": 14, "object_id": "73", "object_repr": "Love Indigo Embroidered Back Pocket Jeans", "action_flag": 3, "change_message": ""}}, {"model": "admin.logentry", "pk": 126, "fields": {"action_time": "2021-04-22T15:21:53.020Z", "user": 3, "content_type": 14, "object_id": "72", "object_repr": "Love Indigo Wing Back Flap Pocket Jeans", "action_flag": 3, "change_message": ""}}, {"model": "admin.logentry", "pk": 127, "fields": {"action_time": "2021-04-22T15:21:53.058Z", "user": 3, "content_type": 14, "object_id": "71", "object_repr": "totes Tracey Womens Cold-Weather Boots", "action_flag": 3, "change_message": ""}}, {"model": "admin.logentry", "pk": 128, "fields": {"action_time": "2021-04-22T15:21:53.100Z", "user": 3, "content_type": 14, "object_id": "70", "object_repr": "Isotonic Iso-Cool Memory Foam Contour Pillow", "action_flag": 3, "change_message": ""}}, {"model": "admin.logentry", "pk": 129, "fields": {"action_time": "2021-04-22T15:21:53.143Z", "user": 3, "content_type": 14, "object_id": "69", "object_repr": "Home Expressions Microfiber Twin XL Sheet Set", "action_flag": 3, "change_message": ""}}, {"model": "admin.logentry", "pk": 130, "fields": {"action_time": "2021-04-22T15:21:53.185Z", "user": 3, "content_type": 14, "object_id": "68", "object_repr": "Arizona Bootcut Jeans", "action_flag": 3, "change_message": ""}}, {"model": "admin.logentry", "pk": 131, "fields": {"action_time": "2021-04-22T15:21:53.229Z", "user": 3, "content_type": 14, "object_id": "67", "object_repr": "Claiborne Long-Sleeve Linen Shirt", "action_flag": 3, "change_message": ""}}, {"model": "admin.logentry", "pk": 132, "fields": {"action_time": "2021-04-22T15:21:53.270Z", "user": 3, "content_type": 14, "object_id": "66", "object_repr": "Nike Air Sickness Graphic Tee", "action_flag": 3, "change_message": ""}}, {"model": "admin.logentry", "pk": 133, "fields": {"action_time": "2021-04-22T15:21:53.310Z", "user": 3, "content_type": 14, "object_id": "65", "object_repr": "Armitron Now Womens Crystal-Accent White Leather Strap Watch", "action_flag": 3, "change_message": ""}}, {"model": "admin.logentry", "pk": 134, "fields": {"action_time": "2021-04-22T15:21:53.359Z", "user": 3, "content_type": 14, "object_id": "64", "object_repr": "Arizona Graphic Tee - Boys 8-20 and Husky", "action_flag": 3, "change_message": ""}}, {"model": "admin.logentry", "pk": 135, "fields": {"action_time": "2021-04-22T15:21:53.401Z", "user": 3, "content_type": 14, "object_id": "63", "object_repr": "Pfaltzgraff Everyday Sandy Shore 16-pc. Dinnerware Set", "action_flag": 3, "change_message": ""}}, {"model": "admin.logentry", "pk": 136, "fields": {"action_time": "2021-04-22T15:21:53.447Z", "user": 3, "content_type": 14, "object_id": "62", "object_repr": "Carter's 4-pc. Take Me Home Set - Baby Boys preemie-6m", "action_flag": 3, "change_message": ""}}, {"model": "admin.logentry", "pk": 137, "fields": {"action_time": "2021-04-22T15:21:53.489Z", "user": 3, "content_type": 14, "object_id": "61", "object_repr": "Eva Longoria Home Solana 4-pc. Comforter Set", "action_flag": 3, "change_message": ""}}, {"model": "admin.logentry", "pk": 138, "fields": {"action_time": "2021-04-22T15:21:53.537Z", "user": 3, "content_type": 14, "object_id": "60", "object_repr": "Wrangler Reserve Authentic Relaxed-Fit Jeans-Big & Tall", "action_flag": 3, "change_message": ""}}, {"model": "admin.logentry", "pk": 139, "fields": {"action_time": "2021-04-22T15:21:53.585Z", "user": 3, "content_type": 14, "object_id": "59", "object_repr": "Keurig K250 2.0 Compact Brewer", "action_flag": 3, "change_message": ""}}, {"model": "admin.logentry", "pk": 140, "fields": {"action_time": "2021-04-22T15:21:53.630Z", "user": 3, "content_type": 14, "object_id": "58", "object_repr": "Madison Park Essentials Concord Reversible Complete Bedding Set with Sheets", "action_flag": 3, "change_message": ""}}, {"model": "admin.logentry", "pk": 141, "fields": {"action_time": "2021-04-22T15:21:53.672Z", "user": 3, "content_type": 14, "object_id": "57", "object_repr": "Worthington Sateen Cropped Pants - Petite", "action_flag": 3, "change_message": ""}}, {"model": "admin.logentry", "pk": 142, "fields": {"action_time": "2021-04-22T15:21:53.696Z", "user": 3, "content_type": 14, "object_id": "56", "object_repr": "Stylus Slim Straight-Leg Jeans - Plus", "action_flag": 3, "change_message": ""}}, {"model": "admin.logentry", "pk": 143, "fields": {"action_time": "2021-04-22T15:21:53.718Z", "user": 3, "content_type": 14, "object_id": "55", "object_repr": "adidas climacool Boxer Briefs", "action_flag": 3, "change_message": ""}}, {"model": "admin.logentry", "pk": 144, "fields": {"action_time": "2021-04-22T15:21:53.744Z", "user": 3, "content_type": 14, "object_id": "54", "object_repr": "adidas Adilogo Shock Energy Tee", "action_flag": 3, "change_message": ""}}, {"model": "admin.logentry", "pk": 145, "fields": {"action_time": "2021-04-22T15:21:53.767Z", "user": 3, "content_type": 14, "object_id": "53", "object_repr": "Claiborne Short-Sleeve Woven Shirt", "action_flag": 3, "change_message": ""}}, {"model": "admin.logentry", "pk": 146, "fields": {"action_time": "2021-04-22T15:21:53.789Z", "user": 3, "content_type": 14, "object_id": "52", "object_repr": "Philips Airfryer Grill Pan", "action_flag": 3, "change_message": ""}}, {"model": "admin.logentry", "pk": 147, "fields": {"action_time": "2021-04-22T15:21:53.811Z", "user": 3, "content_type": 14, "object_id": "51", "object_repr": "Stylus Short-Sleeve V-Neck Slub Tee - Plus", "action_flag": 3, "change_message": ""}}, {"model": "admin.logentry", "pk": 148, "fields": {"action_time": "2021-04-22T15:21:53.838Z", "user": 3, "content_type": 14, "object_id": "50", "object_repr": "Dockers Long-Sleeve No-Wrinkle Woven Shirt", "action_flag": 3, "change_message": ""}}, {"model": "admin.logentry", "pk": 149, "fields": {"action_time": "2021-04-22T15:21:53.879Z", "user": 3, "content_type": 14, "object_id": "49", "object_repr": "Disney Cars McQueen Pillow Buddy", "action_flag": 3, "change_message": ""}}, {"model": "admin.logentry", "pk": 150, "fields": {"action_time": "2021-04-22T15:21:53.920Z", "user": 3, "content_type": 14, "object_id": "48", "object_repr": "Jacques Mort 2-pk. Short-Sleeve Leotard - Girls", "action_flag": 3, "change_message": ""}}, {"model": "admin.logentry", "pk": 151, "fields": {"action_time": "2021-04-22T15:21:53.963Z", "user": 3, "content_type": 14, "object_id": "47", "object_repr": "Konitz Dots and Stripes Set of 2 Bone China Mugs", "action_flag": 3, "change_message": ""}}, {"model": "admin.logentry", "pk": 152, "fields": {"action_time": "2021-04-22T15:21:54.005Z", "user": 3, "content_type": 14, "object_id": "46", "object_repr": "Cottonloft Natural Cotton Blanket", "action_flag": 3, "change_message": ""}}, {"model": "admin.logentry", "pk": 153, "fields": {"action_time": "2021-04-22T15:21:54.049Z", "user": 3, "content_type": 14, "object_id": "45", "object_repr": "JCPenney Home Ultra Soft Micro Fleece Blanket", "action_flag": 3, "change_message": ""}}, {"model": "admin.logentry", "pk": 154, "fields": {"action_time": "2021-04-22T15:21:54.092Z", "user": 3, "content_type": 14, "object_id": "44", "object_repr": "The Foundry Supply Co. Quick-Dri PoloBig & Tall", "action_flag": 3, "change_message": ""}}, {"model": "admin.logentry", "pk": 155, "fields": {"action_time": "2021-04-22T15:21:54.118Z", "user": 3, "content_type": 14, "object_id": "43", "object_repr": "Cuisinart Round Classic Waffle Maker", "action_flag": 3, "change_message": ""}}, {"model": "admin.logentry", "pk": 156, "fields": {"action_time": "2021-04-22T15:21:54.144Z", "user": 3, "content_type": 14, "object_id": "42", "object_repr": "Corelle Livingware 16-pc. Dinnerware Set", "action_flag": 3, "change_message": ""}}, {"model": "admin.logentry", "pk": 157, "fields": {"action_time": "2021-04-22T15:21:54.168Z", "user": 3, "content_type": 14, "object_id": "41", "object_repr": "Cake Boss Set of 2 Silicone Baking Mats", "action_flag": 3, "change_message": ""}}, {"model": "admin.logentry", "pk": 158, "fields": {"action_time": "2021-04-22T15:21:54.192Z", "user": 3, "content_type": 14, "object_id": "40", "object_repr": "Cake Boss Powdered Sugar Shaker with Lid", "action_flag": 3, "change_message": ""}}, {"model": "admin.logentry", "pk": 159, "fields": {"action_time": "2021-04-22T15:21:54.216Z", "user": 3, "content_type": 14, "object_id": "39", "object_repr": "Home Expressions Microfiber Twin XL Sheet Set", "action_flag": 3, "change_message": ""}}, {"model": "admin.logentry", "pk": 160, "fields": {"action_time": "2021-04-22T15:21:54.240Z", "user": 3, "content_type": 14, "object_id": "38", "object_repr": "Levinsohn Master Block All-In-One Mattress Protector", "action_flag": 3, "change_message": ""}}, {"model": "admin.logentry", "pk": 161, "fields": {"action_time": "2021-04-22T15:21:54.263Z", "user": 3, "content_type": 14, "object_id": "37", "object_repr": "Royal Velvet Egyptian Cotton Solid Bath Towels", "action_flag": 3, "change_message": ""}}, {"model": "admin.logentry", "pk": 162, "fields": {"action_time": "2021-04-22T15:21:54.287Z", "user": 3, "content_type": 14, "object_id": "36", "object_repr": "Nike 3-pk. Dri-FIT Fly Rise Crew Socks", "action_flag": 3, "change_message": ""}}, {"model": "admin.logentry", "pk": 163, "fields": {"action_time": "2021-04-22T15:21:54.310Z", "user": 3, "content_type": 14, "object_id": "35", "object_repr": "Arizona Super-Skinny Jeans", "action_flag": 3, "change_message": ""}}, {"model": "admin.logentry", "pk": 164, "fields": {"action_time": "2021-04-22T15:21:54.333Z", "user": 3, "content_type": 14, "object_id": "34", "object_repr": "Stafford Year-Round Pleated PantsBig & Tall", "action_flag": 3, "change_message": ""}}, {"model": "admin.logentry", "pk": 165, "fields": {"action_time": "2021-04-22T15:21:54.358Z", "user": 3, "content_type": 14, "object_id": "33", "object_repr": "Liz Claiborne 300tc Liquid Cotton Set of 2 Pillowcases", "action_flag": 3, "change_message": ""}}, {"model": "admin.logentry", "pk": 166, "fields": {"action_time": "2021-04-22T15:21:54.384Z", "user": 3, "content_type": 14, "object_id": "32", "object_repr": "Nike NA Swoosh Dri-FIT Cotton Tee", "action_flag": 3, "change_message": ""}}, {"model": "admin.logentry", "pk": 167, "fields": {"action_time": "2021-04-22T15:21:54.408Z", "user": 3, "content_type": 14, "object_id": "31", "object_repr": "Armitron Now Womens Crystal-Accent White Leather Strap Watch", "action_flag": 3, "change_message": ""}}, {"model": "admin.logentry", "pk": 168, "fields": {"action_time": "2021-04-22T15:21:54.432Z", "user": 3, "content_type": 14, "object_id": "30", "object_repr": "Home Expressions Jacobean Stripe Oblong Decorative Pillow", "action_flag": 3, "change_message": ""}}, {"model": "admin.logentry", "pk": 169, "fields": {"action_time": "2021-04-22T15:21:54.456Z", "user": 3, "content_type": 14, "object_id": "29", "object_repr": "Chenille Lines Bath Rug Collection", "action_flag": 3, "change_message": ""}}, {"model": "admin.logentry", "pk": 170, "fields": {"action_time": "2021-04-22T15:21:54.478Z", "user": 3, "content_type": 14, "object_id": "28", "object_repr": "Hanes 3pk. Cotton Crewneck TShirts  Big & Tall", "action_flag": 3, "change_message": ""}}, {"model": "admin.logentry", "pk": 171, "fields": {"action_time": "2021-04-22T15:21:54.501Z", "user": 3, "content_type": 14, "object_id": "27", "object_repr": "Rachael Ray Porcelain II 10-pc. Cookware Set", "action_flag": 3, "change_message": ""}}, {"model": "admin.logentry", "pk": 172, "fields": {"action_time": "2021-04-22T15:21:54.543Z", "user": 3, "content_type": 14, "object_id": "26", "object_repr": "JCPenney Home Ashley Scalloped Stoneware 50-pc. Dinnerware Set - Service for 8", "action_flag": 3, "change_message": ""}}, {"model": "admin.logentry", "pk": 173, "fields": {"action_time": "2021-04-22T15:21:54.585Z", "user": 3, "content_type": 14, "object_id": "25", "object_repr": "Dickies Heavyweight Fleece Full Zip HoodieBig & Tall", "action_flag": 3, "change_message": ""}}, {"model": "admin.logentry", "pk": 174, "fields": {"action_time": "2021-04-22T15:21:54.629Z", "user": 3, "content_type": 14, "object_id": "24", "object_repr": "Royal Velvet Down Chamber Pillow", "action_flag": 3, "change_message": ""}}, {"model": "admin.logentry", "pk": 175, "fields": {"action_time": "2021-04-22T15:21:54.677Z", "user": 3, "content_type": 14, "object_id": "23", "object_repr": "Dickies Heavyweight Long-Sleeve Pocket Tee", "action_flag": 3, "change_message": ""}}, {"model": "admin.logentry", "pk": 176, "fields": {"action_time": "2021-04-22T15:21:54.726Z", "user": 3, "content_type": 14, "object_id": "22", "object_repr": "Silver Superman Shield Cufflinks", "action_flag": 3, "change_message": ""}}, {"model": "admin.logentry", "pk": 177, "fields": {"action_time": "2021-04-22T15:21:54.769Z", "user": 3, "content_type": 14, "object_id": "21", "object_repr": "Farberware Sonoma 2-qt. Whistling Tea Kettle", "action_flag": 3, "change_message": ""}}, {"model": "admin.logentry", "pk": 178, "fields": {"action_time": "2021-04-22T15:21:54.813Z", "user": 3, "content_type": 14, "object_id": "20", "object_repr": "JCPenney Home Oven Mitt", "action_flag": 3, "change_message": ""}}, {"model": "admin.logentry", "pk": 179, "fields": {"action_time": "2021-04-22T15:21:54.852Z", "user": 3, "content_type": 14, "object_id": "19", "object_repr": "Marvel Spiderman Pillow Buddy", "action_flag": 3, "change_message": ""}}, {"model": "admin.logentry", "pk": 180, "fields": {"action_time": "2021-04-22T15:21:54.894Z", "user": 3, "content_type": 14, "object_id": "18", "object_repr": "Marvel Comics Avengers Hulk Pillow Buddy", "action_flag": 3, "change_message": ""}}, {"model": "admin.logentry", "pk": 181, "fields": {"action_time": "2021-04-22T15:21:54.935Z", "user": 3, "content_type": 14, "object_id": "17", "object_repr": "Worthington Essential Short-Sleeve Tee - Plus", "action_flag": 3, "change_message": ""}}, {"model": "admin.logentry", "pk": 182, "fields": {"action_time": "2021-04-22T15:21:54.977Z", "user": 3, "content_type": 14, "object_id": "16", "object_repr": "Levi's 529 Curvy Bootcut Jeans", "action_flag": 3, "change_message": ""}}, {"model": "admin.logentry", "pk": 183, "fields": {"action_time": "2021-04-22T15:21:55.020Z", "user": 3, "content_type": 14, "object_id": "15", "object_repr": "Stafford 4-pk. Heavyweight Crewneck T-ShirtsBig & Tall", "action_flag": 3, "change_message": ""}}, {"model": "admin.logentry", "pk": 184, "fields": {"action_time": "2021-04-22T15:21:55.061Z", "user": 3, "content_type": 14, "object_id": "14", "object_repr": "Stafford 4-pk. Blended Cotton A-Shirts", "action_flag": 3, "change_message": ""}}, {"model": "admin.logentry", "pk": 185, "fields": {"action_time": "2021-04-22T15:21:55.106Z", "user": 3, "content_type": 14, "object_id": "13", "object_repr": "Champion Jersey Tee", "action_flag": 3, "change_message": ""}}, {"model": "admin.logentry", "pk": 186, "fields": {"action_time": "2021-04-22T15:21:55.132Z", "user": 3, "content_type": 14, "object_id": "12", "object_repr": "Nike 3-pk. Performance Crew Socks - Boys", "action_flag": 3, "change_message": ""}}, {"model": "admin.logentry", "pk": 187, "fields": {"action_time": "2021-04-22T15:21:55.169Z", "user": 3, "content_type": 14, "object_id": "11", "object_repr": "Chef Designs Black-Trimmed Cook ShirtBig & Tall", "action_flag": 3, "change_message": ""}}, {"model": "admin.logentry", "pk": 188, "fields": {"action_time": "2021-04-22T15:21:55.211Z", "user": 3, "content_type": 14, "object_id": "10", "object_repr": "Reflections Set of 4 Microfiber Napkins", "action_flag": 3, "change_message": ""}}, {"model": "admin.logentry", "pk": 189, "fields": {"action_time": "2021-04-22T15:21:55.253Z", "user": 3, "content_type": 14, "object_id": "9", "object_repr": "Protech Performance Sheet Set", "action_flag": 3, "change_message": ""}}, {"model": "admin.logentry", "pk": 190, "fields": {"action_time": "2021-04-22T15:21:55.295Z", "user": 3, "content_type": 14, "object_id": "8", "object_repr": "Rachael Ray Ceramic Olive Oil Dispenser", "action_flag": 3, "change_message": ""}}, {"model": "admin.logentry", "pk": 191, "fields": {"action_time": "2021-04-22T15:21:55.340Z", "user": 3, "content_type": 14, "object_id": "7", "object_repr": "Liz Claiborne Classic Sophie Secretly Slender Trouser Leg Pants - Plus", "action_flag": 3, "change_message": ""}}, {"model": "admin.logentry", "pk": 192, "fields": {"action_time": "2021-04-22T15:21:55.380Z", "user": 3, "content_type": 14, "object_id": "6", "object_repr": "The Foundry Supply Co. Solid Pocket TeeBig & Tall", "action_flag": 3, "change_message": ""}}, {"model": "admin.logentry", "pk": 193, "fields": {"action_time": "2021-04-22T15:21:55.421Z", "user": 3, "content_type": 14, "object_id": "5", "object_repr": "Simply Calphalon Enameled Cast Iron Panini Pan", "action_flag": 3, "change_message": ""}}, {"model": "admin.logentry", "pk": 194, "fields": {"action_time": "2021-04-22T15:21:55.463Z", "user": 3, "content_type": 14, "object_id": "4", "object_repr": "Gibson Infinite Glaze 16-pc. Dinnerware Set", "action_flag": 3, "change_message": ""}}, {"model": "admin.logentry", "pk": 195, "fields": {"action_time": "2021-04-22T15:21:55.528Z", "user": 3, "content_type": 14, "object_id": "3", "object_repr": "Royal Velvet Matte Satin Square 3-pc. Coverlet Set", "action_flag": 3, "change_message": ""}}, {"model": "admin.logentry", "pk": 196, "fields": {"action_time": "2021-04-22T15:21:55.568Z", "user": 3, "content_type": 14, "object_id": "2", "object_repr": "Liz Claiborne Audra Classic Fit Straight Leg Pants", "action_flag": 3, "change_message": ""}}, {"model": "admin.logentry", "pk": 197, "fields": {"action_time": "2021-04-22T15:21:55.609Z", "user": 3, "content_type": 14, "object_id": "1", "object_repr": "Arizona Original Bootcut Jeans", "action_flag": 3, "change_message": ""}}, {"model": "admin.logentry", "pk": 198, "fields": {"action_time": "2021-04-22T15:22:25.303Z", "user": 3, "content_type": 13, "object_id": "9", "object_repr": "shirts", "action_flag": 3, "change_message": ""}}, {"model": "admin.logentry", "pk": 199, "fields": {"action_time": "2021-04-22T15:22:25.335Z", "user": 3, "content_type": 13, "object_id": "8", "object_repr": "new_arrivals", "action_flag": 3, "change_message": ""}}, {"model": "admin.logentry", "pk": 200, "fields": {"action_time": "2021-04-22T15:22:25.361Z", "user": 3, "content_type": 13, "object_id": "7", "object_repr": "kitchen_dining", "action_flag": 3, "change_message": ""}}, {"model": "admin.logentry", "pk": 201, "fields": {"action_time": "2021-04-22T15:22:25.386Z", "user": 3, "content_type": 13, "object_id": "6", "object_repr": "jeans", "action_flag": 3, "change_message": ""}}, {"model": "admin.logentry", "pk": 202, "fields": {"action_time": "2021-04-22T15:22:25.411Z", "user": 3, "content_type": 13, "object_id": "5", "object_repr": "essentials", "action_flag": 3, "change_message": ""}}, {"model": "admin.logentry", "pk": 203, "fields": {"action_time": "2021-04-22T15:22:25.447Z", "user": 3, "content_type": 13, "object_id": "4", "object_repr": "deals", "action_flag": 3, "change_message": ""}}, {"model": "admin.logentry", "pk": 204, "fields": {"action_time": "2021-04-22T15:22:25.471Z", "user": 3, "content_type": 13, "object_id": "3", "object_repr": "clearance", "action_flag": 3, "change_message": ""}}, {"model": "admin.logentry", "pk": 205, "fields": {"action_time": "2021-04-22T15:22:25.494Z", "user": 3, "content_type": 13, "object_id": "2", "object_repr": "bed_bath", "action_flag": 3, "change_message": ""}}, {"model": "admin.logentry", "pk": 206, "fields": {"action_time": "2021-04-22T15:22:25.518Z", "user": 3, "content_type": 13, "object_id": "1", "object_repr": "activewear", "action_flag": 3, "change_message": ""}}, {"model": "admin.logentry", "pk": 207, "fields": {"action_time": "2021-04-22T18:56:45.257Z", "user": 3, "content_type": 14, "object_id": "185", "object_repr": "Him", "action_flag": 1, "change_message": "[{\"added\": {}}]"}}, {"model": "admin.logentry", "pk": 208, "fields": {"action_time": "2021-04-22T18:57:10.885Z", "user": 3, "content_type": 14, "object_id": "186", "object_repr": "Her", "action_flag": 1, "change_message": "[{\"added\": {}}]"}}, {"model": "admin.logentry", "pk": 209, "fields": {"action_time": "2021-04-22T18:57:32.310Z", "user": 3, "content_type": 14, "object_id": "187", "object_repr": "Below", "action_flag": 1, "change_message": "[{\"added\": {}}]"}}, {"model": "admin.logentry", "pk": 210, "fields": {"action_time": "2021-04-22T18:58:03.160Z", "user": 3, "content_type": 14, "object_id": "188", "object_repr": "Above", "action_flag": 1, "change_message": "[{\"added\": {}}]"}}, {"model": "admin.logentry", "pk": 211, "fields": {"action_time": "2021-04-22T18:58:26.537Z", "user": 3, "content_type": 14, "object_id": "189", "object_repr": "Below", "action_flag": 1, "change_message": "[{\"added\": {}}]"}}, {"model": "admin.logentry", "pk": 212, "fields": {"action_time": "2021-04-22T18:58:58.109Z", "user": 3, "content_type": 14, "object_id": "190", "object_repr": "Burden", "action_flag": 1, "change_message": "[{\"added\": {}}]"}}, {"model": "admin.logentry", "pk": 213, "fields": {"action_time": "2021-04-22T19:00:43.445Z", "user": 3, "content_type": 14, "object_id": "191", "object_repr": "Farum", "action_flag": 1, "change_message": "[{\"added\": {}}]"}}, {"model": "admin.logentry", "pk": 214, "fields": {"action_time": "2021-04-22T19:02:30.713Z", "user": 3, "content_type": 14, "object_id": "192", "object_repr": "Light", "action_flag": 1, "change_message": "[{\"added\": {}}]"}}, {"model": "admin.logentry", "pk": 215, "fields": {"action_time": "2021-04-22T19:03:41.920Z", "user": 3, "content_type": 14, "object_id": "193", "object_repr": "Gods", "action_flag": 1, "change_message": "[{\"added\": {}}]"}}, {"model": "admin.logentry", "pk": 216, "fields": {"action_time": "2021-04-22T19:04:35.353Z", "user": 3, "content_type": 14, "object_id": "194", "object_repr": "Holding", "action_flag": 1, "change_message": "[{\"added\": {}}]"}}, {"model": "admin.logentry", "pk": 217, "fields": {"action_time": "2021-04-22T19:05:23.303Z", "user": 3, "content_type": 14, "object_id": "195", "object_repr": "Ekstra", "action_flag": 1, "change_message": "[{\"added\": {}}]"}}, {"model": "admin.logentry", "pk": 218, "fields": {"action_time": "2021-04-22T19:06:09.416Z", "user": 3, "content_type": 14, "object_id": "196", "object_repr": "Carusel", "action_flag": 1, "change_message": "[{\"added\": {}}]"}}, {"model": "admin.logentry", "pk": 219, "fields": {"action_time": "2021-04-22T19:07:24.609Z", "user": 3, "content_type": 14, "object_id": "197", "object_repr": "Time", "action_flag": 1, "change_message": "[{\"added\": {}}]"}}, {"model": "admin.logentry", "pk": 220, "fields": {"action_time": "2021-04-22T19:08:12.425Z", "user": 3, "content_type": 14, "object_id": "198", "object_repr": "Rasta", "action_flag": 1, "change_message": "[{\"added\": {}}]"}}, {"model": "admin.logentry", "pk": 221, "fields": {"action_time": "2021-04-22T19:08:47.832Z", "user": 3, "content_type": 14, "object_id": "199", "object_repr": "Body", "action_flag": 1, "change_message": "[{\"added\": {}}]"}}, {"model": "admin.logentry", "pk": 222, "fields": {"action_time": "2021-04-22T19:09:38.914Z", "user": 3, "content_type": 14, "object_id": "200", "object_repr": "Color", "action_flag": 1, "change_message": "[{\"added\": {}}]"}}, {"model": "admin.logentry", "pk": 223, "fields": {"action_time": "2021-04-22T19:10:48.551Z", "user": 3, "content_type": 14, "object_id": "201", "object_repr": "Everyday", "action_flag": 1, "change_message": "[{\"added\": {}}]"}}, {"model": "admin.logentry", "pk": 224, "fields": {"action_time": "2021-04-22T19:12:40.219Z", "user": 3, "content_type": 14, "object_id": "202", "object_repr": "Defiant", "action_flag": 1, "change_message": "[{\"added\": {}}]"}}, {"model": "admin.logentry", "pk": 225, "fields": {"action_time": "2021-04-22T19:13:55.992Z", "user": 3, "content_type": 14, "object_id": "203", "object_repr": "Metal", "action_flag": 1, "change_message": "[{\"added\": {}}]"}}, {"model": "admin.logentry", "pk": 226, "fields": {"action_time": "2021-04-22T19:14:29.592Z", "user": 3, "content_type": 14, "object_id": "204", "object_repr": "Rock on", "action_flag": 1, "change_message": "[{\"added\": {}}]"}}, {"model": "admin.logentry", "pk": 227, "fields": {"action_time": "2021-04-22T19:15:48.999Z", "user": 3, "content_type": 14, "object_id": "205", "object_repr": "Rain", "action_flag": 1, "change_message": "[{\"added\": {}}]"}}, {"model": "admin.logentry", "pk": 228, "fields": {"action_time": "2021-04-22T19:18:59.376Z", "user": 3, "content_type": 14, "object_id": "206", "object_repr": "Martin", "action_flag": 1, "change_message": "[{\"added\": {}}]"}}, {"model": "admin.logentry", "pk": 229, "fields": {"action_time": "2021-04-22T19:21:09.756Z", "user": 3, "content_type": 14, "object_id": "207", "object_repr": "Hiss", "action_flag": 1, "change_message": "[{\"added\": {}}]"}}, {"model": "admin.logentry", "pk": 230, "fields": {"action_time": "2021-04-22T19:21:54.287Z", "user": 3, "content_type": 14, "object_id": "208", "object_repr": "Summer Madness One", "action_flag": 1, "change_message": "[{\"added\": {}}]"}}, {"model": "admin.logentry", "pk": 231, "fields": {"action_time": "2021-04-22T19:22:19.901Z", "user": 3, "content_type": 14, "object_id": "209", "object_repr": "Summer Madness Two", "action_flag": 1, "change_message": "[{\"added\": {}}]"}}, {"model": "admin.logentry", "pk": 232, "fields": {"action_time": "2021-04-22T19:22:49.053Z", "user": 3, "content_type": 14, "object_id": "210", "object_repr": "Summer Madness three", "action_flag": 1, "change_message": "[{\"added\": {}}]"}}, {"model": "admin.logentry", "pk": 233, "fields": {"action_time": "2021-04-22T19:23:30.744Z", "user": 3, "content_type": 14, "object_id": "211", "object_repr": "Summer Madness Four", "action_flag": 1, "change_message": "[{\"added\": {}}]"}}, {"model": "admin.logentry", "pk": 234, "fields": {"action_time": "2021-04-22T19:25:09.784Z", "user": 3, "content_type": 14, "object_id": "212", "object_repr": "Summer Madness Five", "action_flag": 1, "change_message": "[{\"added\": {}}]"}}, {"model": "admin.logentry", "pk": 235, "fields": {"action_time": "2021-04-22T19:25:54.946Z", "user": 3, "content_type": 14, "object_id": "213", "object_repr": "Summer Madness Six", "action_flag": 1, "change_message": "[{\"added\": {}}]"}}, {"model": "admin.logentry", "pk": 236, "fields": {"action_time": "2021-04-22T19:26:26.850Z", "user": 3, "content_type": 14, "object_id": "214", "object_repr": "Summer Madness Seven", "action_flag": 1, "change_message": "[{\"added\": {}}]"}}, {"model": "admin.logentry", "pk": 237, "fields": {"action_time": "2021-04-22T19:26:57.797Z", "user": 3, "content_type": 14, "object_id": "215", "object_repr": "Summer Madness Eight", "action_flag": 1, "change_message": "[{\"added\": {}}]"}}, {"model": "admin.logentry", "pk": 238, "fields": {"action_time": "2021-04-22T19:27:24.919Z", "user": 3, "content_type": 14, "object_id": "216", "object_repr": "Summer Madness Nine", "action_flag": 1, "change_message": "[{\"added\": {}}]"}}, {"model": "admin.logentry", "pk": 239, "fields": {"action_time": "2021-04-22T19:28:12.671Z", "user": 3, "content_type": 13, "object_id": "10", "object_repr": "portraits", "action_flag": 2, "change_message": "[{\"changed\": {\"fields\": [\"Friendly name\"]}}]"}}, {"model": "admin.logentry", "pk": 240, "fields": {"action_time": "2021-04-22T19:28:35.979Z", "user": 3, "content_type": 13, "object_id": "11", "object_repr": "Landscape", "action_flag": 3, "change_message": ""}}, {"model": "admin.logentry", "pk": 241, "fields": {"action_time": "2021-04-24T12:18:01.700Z", "user": 3, "content_type": 8, "object_id": "3", "object_repr": "chardma3@hotmail.com", "action_flag": 2, "change_message": "[{\"changed\": {\"fields\": [\"Verified\", \"Primary\"]}}]"}}, {"model": "admin.logentry", "pk": 242, "fields": {"action_time": "2021-04-24T12:33:44.960Z", "user": 3, "content_type": 7, "object_id": "1", "object_repr": "shop.example.com", "action_flag": 2, "change_message": "[{\"changed\": {\"fields\": [\"Display name\"]}}]"}}, {"model": "admin.logentry", "pk": 243, "fields": {"action_time": "2021-04-24T12:43:55.621Z", "user": 3, "content_type": 8, "object_id": "2", "object_repr": "contact@hardmanphoto.se", "action_flag": 2, "change_message": "[{\"changed\": {\"fields\": [\"Verified\", \"Primary\"]}}]"}}, {"model": "admin.logentry", "pk": 244, "fields": {"action_time": "2021-04-24T12:44:11.230Z", "user": 3, "content_type": 8, "object_id": "2", "object_repr": "contact@hardmanphoto.se", "action_flag": 2, "change_message": "[{\"changed\": {\"fields\": [\"Verified\", \"Primary\"]}}]"}}, {"model": "admin.logentry", "pk": 245, "fields": {"action_time": "2021-04-24T12:45:04.034Z", "user": 3, "content_type": 8, "object_id": "3", "object_repr": "chardma3@hotmail.com", "action_flag": 2, "change_message": "[{\"changed\": {\"fields\": [\"Verified\", \"Primary\"]}}]"}}, {"model": "admin.logentry", "pk": 246, "fields": {"action_time": "2021-04-24T12:45:17.095Z", "user": 3, "content_type": 8, "object_id": "3", "object_repr": "chardma3@hotmail.com", "action_flag": 2, "change_message": "[{\"changed\": {\"fields\": [\"Verified\", \"Primary\"]}}]"}}, {"model": "admin.logentry", "pk": 247, "fields": {"action_time": "2021-04-24T12:49:52.418Z", "user": 3, "content_type": 7, "object_id": "1", "object_repr": "hardman-photo.example.com", "action_flag": 2, "change_message": "[{\"changed\": {\"fields\": [\"Domain name\"]}}]"}}, {"model": "admin.logentry", "pk": 248, "fields": {"action_time": "2021-04-26T18:27:21.609Z", "user": 3, "content_type": 13, "object_id": "12", "object_repr": "b+w", "action_flag": 2, "change_message": "[{\"changed\": {\"fields\": [\"Name\"]}}]"}}, {"model": "admin.logentry", "pk": 249, "fields": {"action_time": "2021-04-26T18:27:30.002Z", "user": 3, "content_type": 13, "object_id": "13", "object_repr": "collage", "action_flag": 2, "change_message": "[{\"changed\": {\"fields\": [\"Name\"]}}]"}}, {"model": "admin.logentry", "pk": 250, "fields": {"action_time": "2021-04-26T18:27:36.845Z", "user": 3, "content_type": 13, "object_id": "14", "object_repr": "urban", "action_flag": 2, "change_message": "[{\"changed\": {\"fields\": [\"Name\"]}}]"}}, {"model": "admin.logentry", "pk": 251, "fields": {"action_time": "2021-04-26T18:28:03.404Z", "user": 3, "content_type": 13, "object_id": "15", "object_repr": "new_collection", "action_flag": 2, "change_message": "[{\"changed\": {\"fields\": [\"Name\"]}}]"}}, {"model": "admin.logentry", "pk": 252, "fields": {"action_time": "2021-04-26T18:30:45.698Z", "user": 3, "content_type": 13, "object_id": "12", "object_repr": "b_w", "action_flag": 2, "change_message": "[{\"changed\": {\"fields\": [\"Name\"]}}]"}}, {"model": "admin.logentry", "pk": 253, "fields": {"action_time": "2021-04-26T18:36:27.604Z", "user": 3, "content_type": 14, "object_id": "189", "object_repr": "Below", "action_flag": 3, "change_message": ""}}, {"model": "admin.logentry", "pk": 254, "fields": {"action_time": "2021-04-26T18:36:27.638Z", "user": 3, "content_type": 14, "object_id": "179", "object_repr": "Clouds", "action_flag": 3, "change_message": ""}}, {"model": "admin.logentry", "pk": 255, "fields": {"action_time": "2021-04-26T18:41:29.399Z", "user": 3, "content_type": 14, "object_id": "217", "object_repr": "Clouds", "action_flag": 1, "change_message": "[{\"added\": {}}]"}}, {"model": "admin.logentry", "pk": 256, "fields": {"action_time": "2021-04-27T15:33:39.145Z", "user": 3, "content_type": 20, "object_id": "1", "object_repr": "35mm film", "action_flag": 1, "change_message": "[{\"added\": {}}]"}}, {"model": "admin.logentry", "pk": 257, "fields": {"action_time": "2021-04-27T15:34:52.389Z", "user": 3, "content_type": 20, "object_id": "2", "object_repr": "Shutter Speed Creativity", "action_flag": 1, "change_message": "[{\"added\": {}}]"}}, {"model": "admin.logentry", "pk": 258, "fields": {"action_time": "2021-04-27T15:36:46.846Z", "user": 3, "content_type": 19, "object_id": "1", "object_repr": "Windy days", "action_flag": 1, "change_message": "[{\"added\": {}}]"}}, {"model": "admin.logentry", "pk": 259, "fields": {"action_time": "2021-04-27T15:37:18.984Z", "user": 3, "content_type": 18, "object_id": "1", "object_repr": "Windy days - Claire", "action_flag": 1, "change_message": "[{\"added\": {}}]"}}, {"model": "admin.logentry", "pk": 260, "fields": {"action_time": "2021-04-27T17:51:23.591Z", "user": 3, "content_type": 19, "object_id": "1", "object_repr": "Windy days", "action_flag": 2, "change_message": "[]"}}, {"model": "admin.logentry", "pk": 261, "fields": {"action_time": "2021-04-27T17:57:53.090Z", "user": 3, "content_type": 19, "object_id": "1", "object_repr": "Windy days", "action_flag": 2, "change_message": "[]"}}, {"model": "auth.user", "pk": 2, "fields": {"password": "pbkdf2_sha256$216000$MCesySBdV5TS$KOgjVOa4+j3bGBsnsjO5VcNWyA1Ytpb6B3x2nJ9gmYo=", "last_login": "2021-04-24T10:47:11.597Z", "is_superuser": false, "username": "contact@hardmanphoto.se", "first_name": "", "last_name": "", "email": "contact@hardmanphoto.se", "is_staff": false, "is_active": true, "date_joined": "2021-04-02T10:10:03.076Z", "groups": [], "user_permissions": []}}, {"model": "auth.user", "pk": 3, "fields": {"password": "pbkdf2_sha256$216000$X1vIZuoUAKUo$I+BjsTkX4VVmieLqMc8opU14znI6RkwjJWJAK+qJ8jg=", "last_login": "2021-04-26T17:53:06.428Z", "is_superuser": true, "username": "superuser", "first_name": "", "last_name": "", "email": "chardma3@hotmail.com", "is_staff": true, "is_active": true, "date_joined": "2021-04-07T13:49:45.785Z", "groups": [], "user_permissions": []}}, {"model": "auth.user", "pk": 5, "fields": {"password": "pbkdf2_sha256$216000$fCHDGUHRoQ3d$OoNIkhetHDLSPeay1dgtYr7jMw5yFEiLSmk+Mo37VUU=", "last_login": null, "is_superuser": false, "username": "fosoj87908", "first_name": "", "last_name": "", "email": "fosoj87908@sumwan.com", "is_staff": false, "is_active": true, "date_joined": "2021-04-25T12:52:23.313Z", "groups": [], "user_permissions": []}}, {"model": "sessions.session", "pk": "005e8lgkqwih3axy2y1qqha6baeh8szi", "fields": {"session_data": ".eJxVjDEOgzAQBP_iOrIM2ImPMj1vQHfnM5BEtoShQvw9IFEk7c7sbKrHdRn7tcjcT0G1qlG3342Q35JOEF6Yhqw5p2WeSJ-KvmjRXQ7yeV7uX2DEMh5vYwUiCkpwED24B9Z1bcACBPY-NhWTN-youYNlC8GSqXxlkb0gRmeOKOGg2m3fv_EWOt4:1lZClU:k7KT5nRDpIzBmLKxnB7RIaG3KHIQ-kgIVEoynrJya6o", "expire_date": "2021-05-05T13:19:36.960Z"}}, {"model": "sessions.session", "pk": "5y1oh83tofaux6ywcf1hzb558qamcuru", "fields": {"session_data": "e30:1lToSi:rHmdcKDNgsq2FcRgdp4yWfwZqWrziVQXf79S6Ob4bpc", "expire_date": "2021-04-20T16:21:56.969Z"}}, {"model": "sessions.session", "pk": "7h0hlpcp12bqw6jz7iou362ggavolicb", "fields": {"session_data": "e30:1lS4eT:JL77Uh24tJ7TzK45XHomPqtoxvKiSLskT-ChkjYaiQQ", "expire_date": "2021-04-15T21:14:53.400Z"}}, {"model": "sessions.session", "pk": "atqzd8b3yo964knxq79ko3w5pl01cn7j", "fields": {"session_data": ".eJxVjDsOwjAQBe_iGlkx9jo2JX3OED171ySAHCmfCnF3iJQC2jcz76V6bOvQb4vM_cjqopw6_W4J-SF1B3xHvU06T3Wdx6R3RR900d3E8rwe7t_BgGX41gGlGEu5JQnRsYSGPc5g7yHUWmNLjNRwI4je-IJsQJSTdQnJAEG9P_VVOI4:1lU9vc:Fw2_PbpVa7bo2i7WTgUOAVYCsjtR98-1ozuYiJPmit4", "expire_date": "2021-04-21T15:17:12.086Z"}}, {"model": "sessions.session", "pk": "cdpkb72grymrud4qtn7ctj6g17sg5u1d", "fields": {"session_data": "eyJzYXZlX2luZm8iOmZhbHNlLCJiYWciOnt9fQ:1lToRk:gnKy-0s4urbzcGeKERBltKhcqkSzqm6Qsl8zFNnaagk", "expire_date": "2021-04-20T16:20:56.022Z"}}, {"model": "sessions.session", "pk": "czajp9lsmnkcgzm0op3nkzpxu8y725uj", "fields": {"session_data": "e30:1lT2Kl:5_goRdqQ9slxGYxLPhv9NChe-wNmFWfqzGeifQtp3Ag", "expire_date": "2021-04-18T12:58:31.888Z"}}, {"model": "sessions.session", "pk": "ewfnt0m3doqwxphsa177ljmzrajyryvy", "fields": {"session_data": "eyJiYWciOnsiMTYiOnsiaXRlbXNfYnlfc2l6ZSI6eyJtIjoyfX19fQ:1lRhU1:pLaNahfmTZra6Ht_mG7utn9gOGAz5saK8vWcun4R8Qk", "expire_date": "2021-04-14T20:30:33.863Z"}}, {"model": "sessions.session", "pk": "izzddem5h0879sowan9v4km7258rj1ow", "fields": {"session_data": ".eJxVjEEOwiAQRe_C2hAHaKFduvcMZDoMFjXQlDbRGO-uTbrQ7X_vv5fwuC6jXyvPPgXRCxCH321AunHeQLhivhRJJS9zGuSmyJ1WeS6B76fd_QuMWMfv20ZooDPRoVWKOkMIjAZa1qSQWoekdYghtHpANFG5qBpEttFi1wC4LVq51lSy58eU5qfoj-8PqDA_yA:1lI9sW:5i26Ncg1hdL3C2j2_tcx9dLuW-4BWm5UMpoCg7dDQkM", "expire_date": "2021-03-19T12:48:24.363Z"}}, {"model": "sessions.session", "pk": "k5xestnge7v1ettfw69h5z5zqt6lven8", "fields": {"session_data": "e30:1lU9sN:cWTPhQPDRENyhdBOP3ArJ1wKSTtv3cM2lha_K2Z6yrQ", "expire_date": "2021-04-21T15:13:51.633Z"}}, {"model": "sessions.session", "pk": "manfthmybs5h41e0atvjtn55pxu81wwk", "fields": {"session_data": "e30:1lSGj8:K6Oox3AQGgXODov_5SiQGlji8uLhWTTiW04PzrHFDRg", "expire_date": "2021-04-16T10:08:30.185Z"}}, {"model": "sessions.session", "pk": "s2zwfp8v1g0ooiylvtww1zwpo2yeggrn", "fields": {"session_data": "e30:1lU8DS:M2N2P_FS_g2MZiOYj8RnPZDcOIAif-nM2jDUfzChjYY", "expire_date": "2021-04-21T13:27:30.963Z"}}, {"model": "sessions.session", "pk": "sboebu5uqym8clabds9fgd1j85mz0815", "fields": {"session_data": "e30:1lToSu:ou6uvk86dQ0KWb2b19uxnJ_-QNSUa20BIJAG-wMnyOE", "expire_date": "2021-04-20T16:22:08.797Z"}}, {"model": "sessions.session", "pk": "x6avnmfrxrr2snmqlrtu212d22087ae6", "fields": {"session_data": ".eJxVjMEOwiAQRP-FsyG0XZT1pj_SLMsSiA1NBE7Gf7c1Pehx3sy8l5qptzT3Ks85B3VVkzr9Mk_8kLIXtCw71sS89tL0d3PUVd-2JKVlppbXcj9ef6pENW0eA4KRhCRYjA7thcZxNAiIgZ2L08DeGbZ-OiMwYABvBjcAsROiaI16fwDFwzyG:1lbRy5:QJOweNENqhzrQeOfpE9iu11Z8yRhHYcdOdFKoQ8POkQ", "expire_date": "2021-05-11T17:57:53.222Z"}}, {"model": "sessions.session", "pk": "zvcs5aigt1lykx4q54thshs530y1v6rw", "fields": {"session_data": "e30:1lU8Zg:ozZWoIu9LLju_E29VgChefMpWF__gjB1ITssJHxXslM", "expire_date": "2021-04-21T13:50:28.983Z"}}, {"model": "sessions.session", "pk": "zz22gd10kugtszh5k7bec4bbw6zp13ep", "fields": {"session_data": "eyJiYWciOnsiMiI6eyJpdGVtc19ieV9zaXplIjp7Im0iOjF9fX19:1lSGgf:T3o-h1ZHMhGWS6oWF5TAUiuXoETJ0nqWMT9i_1qewFg", "expire_date": "2021-04-16T10:05:57.982Z"}}, {"model": "sites.site", "pk": 1, "fields": {"domain": "hardman-photo.example.com", "name": "Hardman Photo"}}, {"model": "account.emailaddress", "pk": 2, "fields": {"user": 2, "email": "contact@hardmanphoto.se", "verified": true, "primary": true}}, {"model": "account.emailaddress", "pk": 3, "fields": {"user": 3, "email": "chardma3@hotmail.com", "verified": true, "primary": true}}, {"model": "account.emailaddress", "pk": 4, "fields": {"user": 5, "email": "fosoj87908@sumwan.com", "verified": false, "primary": true}}, {"model": "products.category", "pk": 10, "fields": {"name": "portraits", "friendly_name": "Portraits"}}, {"model": "products.category", "pk": 12, "fields": {"name": "b_w", "friendly_name": "B+W"}}, {"model": "products.category", "pk": 13, "fields": {"name": "collage", "friendly_name": "Collage"}}, {"model": "products.category", "pk": 14, "fields": {"name": "urban", "friendly_name": "Urban"}}, {"model": "products.category", "pk": 15, "fields": {"name": "new_collection", "friendly_name": "New Collection"}}, {"model": "products.product", "pk": 178, "fields": {"category": 10, "name": "Chesterfield", "has_sizes": false, "price": "15.00", "image_url": null, "image": "chesterfield.jpg"}}, {"model": "products.product", "pk": 181, "fields": {"category": 12, "name": "Escape", "has_sizes": false, "price": "20.00", "image_url": null, "image": "escape1.jpg"}}, {"model": "products.product", "pk": 182, "fields": {"category": 13, "name": "Dream", "has_sizes": false, "price": "20.00", "image_url": null, "image": "copenhagen40.jpg"}}, {"model": "products.product", "pk": 183, "fields": {"category": 14, "name": "Middle", "has_sizes": false, "price": "20.00", "image_url": null, "image": "copenhagen14.jpg"}}, {"model": "products.product", "pk": 184, "fields": {"category": 15, "name": "Shoes", "has_sizes": false, "price": "20.00", "image_url": null, "image": "androgynous7.jpg"}}, {"model": "products.product", "pk": 185, "fields": {"category": 15, "name": "Him", "has_sizes": false, "price": "20.00", "image_url": null, "image": "androgynous6.jpg"}}, {"model": "products.product", "pk": 186, "fields": {"category": 15, "name": "Her", "has_sizes": false, "price": "20.00", "image_url": null, "image": "androgynous5.jpg"}}, {"model": "products.product", "pk": 187, "fields": {"category": 15, "name": "Below", "has_sizes": false, "price": "20.00", "image_url": null, "image": "androgynous3.jpg"}}, {"model": "products.product", "pk": 188, "fields": {"category": 15, "name": "Above", "has_sizes": false, "price": "20.00", "image_url": null, "image": "androgynous1.jpg"}}, {"model": "products.product", "pk": 190, "fields": {"category": 15, "name": "Burden", "has_sizes": false, "price": "20.00", "image_url": null, "image": "androgynous4.jpg"}}, {"model": "products.product", "pk": 191, "fields": {"category": 14, "name": "Farum", "has_sizes": false, "price": "20.00", "image_url": null, "image": "copenhagen35.jpg"}}, {"model": "products.product", "pk": 192, "fields": {"category": 14, "name": "Light", "has_sizes": false, "price": "20.00", "image_url": null, "image": "copenhagen16.jpg"}}, {"model": "products.product", "pk": 193, "fields": {"category": 14, "name": "Gods", "has_sizes": true, "price": "20.00", "image_url": null, "image": "copenhagen13.jpg"}}, {"model": "products.product", "pk": 194, "fields": {"category": 14, "name": "Holding", "has_sizes": true, "price": "20.00", "image_url": null, "image": "copenhagen18.jpg"}}, {"model": "products.product", "pk": 195, "fields": {"category": 14, "name": "Ekstra", "has_sizes": true, "price": "20.00", "image_url": null, "image": "copenhagen15.jpg"}}, {"model": "products.product", "pk": 196, "fields": {"category": 13, "name": "Carusel", "has_sizes": true, "price": "20.00", "image_url": null, "image": "copenhagen39.jpg"}}, {"model": "products.product", "pk": 197, "fields": {"category": 13, "name": "Time", "has_sizes": true, "price": "20.00", "image_url": null, "image": "copenhagen36.jpg"}}, {"model": "products.product", "pk": 198, "fields": {"category": 13, "name": "Rasta", "has_sizes": true, "price": "20.00", "image_url": null, "image": "copenhagen33.jpg"}}, {"model": "products.product", "pk": 199, "fields": {"category": 13, "name": "Body", "has_sizes": true, "price": "20.00", "image_url": null, "image": "copenhagen29.jpg"}}, {"model": "products.product", "pk": 200, "fields": {"category": 13, "name": "Color", "has_sizes": true, "price": "20.00", "image_url": null, "image": "copenhagen26.jpg"}}, {"model": "products.product", "pk": 201, "fields": {"category": 13, "name": "Everyday", "has_sizes": true, "price": "20.00", "image_url": null, "image": "copenhagen25.jpg"}}, {"model": "products.product", "pk": 202, "fields": {"category": 14, "name": "Defiant", "has_sizes": true, "price": "20.00", "image_url": null, "image": "copenhagen10.jpg"}}, {"model": "products.product", "pk": 203, "fields": {"category": 12, "name": "Metal", "has_sizes": true, "price": "20.00", "image_url": null, "image": "escape3.jpg"}}, {"model": "products.product", "pk": 204, "fields": {"category": 12, "name": "Rock on", "has_sizes": true, "price": "20.00", "image_url": null, "image": "escape6.jpg"}}, {"model": "products.product", "pk": 205, "fields": {"category": 12, "name": "Rain", "has_sizes": true, "price": "20.00", "image_url": null, "image": "harrow23.jpg"}}, {"model": "products.product", "pk": 206, "fields": {"category": 12, "name": "Martin", "has_sizes": true, "price": "20.00", "image_url": null, "image": "martinbarra4.jpg"}}, {"model": "products.product", "pk": 207, "fields": {"category": 10, "name": "Hiss", "has_sizes": true, "price": "20.00", "image_url": null, "image": "martinbarra1.jpg"}}, {"model": "products.product", "pk": 208, "fields": {"category": 10, "name": "Summer Madness One", "has_sizes": true, "price": "20.00", "image_url": null, "image": "summermadness10.jpg"}}, {"model": "products.product", "pk": 209, "fields": {"category": 10, "name": "Summer Madness Two", "has_sizes": true, "price": "20.00", "image_url": null, "image": "summermadness9.jpg"}}, {"model": "products.product", "pk": 210, "fields": {"category": 10, "name": "Summer Madness three", "has_sizes": true, "price": "20.00", "image_url": null, "image": "summermadness7.jpg"}}, {"model": "products.product", "pk": 211, "fields": {"category": 10, "name": "Summer Madness Four", "has_sizes": true, "price": "20.00", "image_url": null, "image": "summermadness6.jpg"}}, {"model": "products.product", "pk": 212, "fields": {"category": 10, "name": "Summer Madness Five", "has_sizes": true, "price": "20.00", "image_url": null, "image": "summermadness5.jpg"}}, {"model": "products.product", "pk": 213, "fields": {"category": 10, "name": "Summer Madness Six", "has_sizes": true, "price": "20.00", "image_url": null, "image": "summermadness4.jpg"}}, {"model": "products.product", "pk": 214, "fields": {"category": 10, "name": "Summer Madness Seven", "has_sizes": true, "price": "20.00", "image_url": null, "image": "summermadness3.jpg"}}, {"model": "products.product", "pk": 215, "fields": {"category": 10, "name": "Summer Madness Eight", "has_sizes": true, "price": "20.00", "image_url": null, "image": "summermadness2.jpg"}}, {"model": "products.product", "pk": 216, "fields": {"category": 10, "name": "Summer Madness Nine", "has_sizes": true, "price": "20.00", "image_url": null, "image": "summermadness1.jpg"}}, {"model": "products.product", "pk": 217, "fields": {"category": 13, "name": "Clouds", "has_sizes": true, "price": "20.00", "image_url": null, "image": "copenhagen11_wNLlPQ6.jpg"}}, {"model": "checkout.order", "pk": 1, "fields": {"order_number": "D57142D7F4C04E04B4A93C52C99E90DD", "user_profile": null, "full_name": "Claire Hardman", "email": "contact@hardmanphoto.se", "phone_number": "+46763416772", "country": "US", "postcode": "1313", "town_or_city": "Stockholm", "street_address1": "Finnbergsvgen 24", "street_address2": "Nacka", "county": "Sweden", "date": "2021-03-31T19:52:16.957Z", "delivery_cost": "0.00", "order_total": "0.00", "grand_total": "0.00", "original_bag": "{\"18\": 1, \"1\": {\"items_by_size\": {\"m\": 2}}, \"20\": 1}", "stripe_pid": "pi_1Ib9KOGpnnr3pzZQ4dTyTCAe"}}, {"model": "checkout.order", "pk": 2, "fields": {"order_number": "CEDE9289FB724FF08FBB81846628519A", "user_profile": null, "full_name": "Claire Hardman", "email": "contact@hardmanphoto.se", "phone_number": "+46763416772", "country": "SE", "postcode": "1313", "town_or_city": "Stockholm", "street_address1": "Finnbergsvgen 24", "street_address2": "Nacka", "county": null, "date": "2021-03-31T20:25:14.151Z", "delivery_cost": "0.00", "order_total": "0.00", "grand_total": "0.00", "original_bag": "{\"18\": 1, \"4\": 1}", "stripe_pid": "pi_1IbAUZGpnnr3pzZQm57bI6Yt"}}, {"model": "checkout.order", "pk": 3, "fields": {"order_number": "1EC10BDF07B343E6BF0BB700029F3A84", "user_profile": null, "full_name": "sfdgsfdgs", "email": "contact@hardmanphoto.se", "phone_number": "sdfgsdfgsdfg", "country": "US", "postcode": "dfgsdfgsdf", "town_or_city": "sdfgdfgsd", "street_address1": "sdfgsdfgsd", "street_address2": "sdfgdsfgdf", "county": "sdfgdfgsdfg", "date": "2021-04-01T14:49:33.242Z", "delivery_cost": "0.00", "order_total": "0.00", "grand_total": "0.00", "original_bag": "{\"18\": 1, \"3\": 1}", "stripe_pid": "pi_1IbRoZGpnnr3pzZQMMbfj1en"}}, {"model": "checkout.order", "pk": 4, "fields": {"order_number": "4844359174BA41CC91B36D4D96A88D4E", "user_profile": 1, "full_name": "Claire Hardman", "email": "contact@hardmanphoto.se", "phone_number": "+46763416772", "country": "SE", "postcode": "1313", "town_or_city": "Stockholm", "street_address1": "Finnbergsvgen 24", "street_address2": "Nacka", "county": "Sweden", "date": "2021-04-04T12:54:06.726Z", "delivery_cost": "0.00", "order_total": "0.00", "grand_total": "0.00", "original_bag": "{\"16\": {\"items_by_size\": {\"m\": 1}}}", "stripe_pid": "pi_1IcVScGpnnr3pzZQYjjAVRKf"}}, {"model": "checkout.order", "pk": 5, "fields": {"order_number": "9E4E465CED8240909ED8B803868C71CC", "user_profile": null, "full_name": "Claire Hardman", "email": "contact@hardmanphoto.se", "phone_number": "+46763416772", "country": "SE", "postcode": "1313", "town_or_city": "Stockholm", "street_address1": "Finnbergsvgen 24", "street_address2": "Nacka", "county": "Sweden", "date": "2021-04-06T08:57:18.124Z", "delivery_cost": "0.00", "order_total": "0.00", "grand_total": "0.00", "original_bag": "{\"6\": {\"items_by_size\": {\"m\": 1}}}", "stripe_pid": "pi_1IdAiXGpnnr3pzZQDFhbYBbI"}}, {"model": "profiles.userprofile", "pk": 1, "fields": {"user": 2, "default_phone_number": "+46763416772", "default_street_address1": "Finnbergsvgen 24", "default_street_address2": "Nacka", "default_town_or_city": "Stockholm", "default_county": "Sweden", "default_postcode": "1313", "default_country": "SE"}}, {"model": "profiles.userprofile", "pk": 2, "fields": {"user": 3, "default_phone_number": "+46763416772", "default_street_address1": "Tranebergsvgen 10", "default_street_address2": null, "default_town_or_city": "Stockholm", "default_county": null, "default_postcode": "16744", "default_country": "SE"}}, {"model": "profiles.userprofile", "pk": 4, "fields": {"user": 5, "default_phone_number": null, "default_street_address1": null, "default_street_address2": null, "default_town_or_city": null, "default_county": null, "default_postcode": null, "default_country": null}}]